CREATE DATABASE QLSVNhom
GO
USE QLSVNhom
GO

CREATE TABLE NHANVIEN (
    MANV VARCHAR(20) PRIMARY KEY,
    HOTEN NVARCHAR(100) NOT NULL,
    EMAIL VARCHAR(20),
    LUONG VARBINARY(MAX),
    TENDN NVARCHAR(100) NOT NULL UNIQUE,
    MATKHAU VARBINARY(MAX) NOT NULL,
    PUBKEY VARCHAR(20)
);
GO
CREATE TABLE LOP (
    MALOP VARCHAR(20) PRIMARY KEY,
    TENLOP NVARCHAR(100) NOT NULL,
    MANV VARCHAR(20),
    CONSTRAINT FK_LOP_NHANVIEN FOREIGN KEY (MANV) REFERENCES NHANVIEN(MANV)
);
GO
CREATE TABLE SINHVIEN (
    MASV VARCHAR(20) PRIMARY KEY,
    HOTEN NVARCHAR(100) NOT NULL,
    NGAYSINH DATETIME,
    DIACHI NVARCHAR(200),
    MALOP VARCHAR(20),
    TENDN NVARCHAR(100) NOT NULL UNIQUE,
    MATKHAU VARBINARY(MAX) NOT NULL,
    CONSTRAINT FK_SINHVIEN_LOP FOREIGN KEY (MALOP) REFERENCES LOP(MALOP)
);
GO
CREATE TABLE HOCPHAN (
    MAHP VARCHAR(20) PRIMARY KEY,
    TENHP NVARCHAR(100) NOT NULL,
    SOTC INT
);
GO
CREATE TABLE BANGDIEM (
    MASV VARCHAR(20),
    MAHP VARCHAR(20),
    DIEMTHI VARBINARY(MAX),
    PRIMARY KEY(MASV, MAHP),
    CONSTRAINT FK_BANGDIEM_SINHVIEN FOREIGN KEY (MASV) REFERENCES SINHVIEN(MASV),
    CONSTRAINT FK_BANGDIEM_HOCPHAN FOREIGN KEY (MAHP) REFERENCES HOCPHAN(MAHP)
)
GO
DELETE FROM BANGDIEM;
DELETE FROM HOCPHAN;
DELETE FROM SINHVIEN;
DELETE FROM LOP;
DELETE FROM NHANVIEN;
GO
-- 1. Sample Data NHANVIEN
INSERT INTO NHANVIEN (MANV, HOTEN, EMAIL, LUONG, TENDN, MATKHAU, PUBKEY)
VALUES
('NV01', N'Nguyễn Văn A', 'nva@hcmus.edu.vn', CONVERT(VARBINARY, '3000000'), 'nva', HASHBYTES('SHA1', 'abcd12'), 'NV01'),
('NV02', N'Trần Thị B', 'ttb@hcmus.edu.vn', CONVERT(VARBINARY, '4000000'), 'ttb', HASHBYTES('SHA1', 'abcd12'), 'NV02');
GO

-- 2. Sample Data LOP
INSERT INTO LOP (MALOP, TENLOP, MANV)
VALUES
('K21HTTT', N'Hệ thống thông tin K21', 'NV01'),
('K21KHMT', N'Khoa học máy tính K21', 'NV02');
GO

-- 3. Sample Data SINHVIEN
INSERT INTO SINHVIEN (MASV, HOTEN, NGAYSINH, DIACHI, MALOP, TENDN, MATKHAU)
VALUES
('SV01', N'Lê Minh C', '2003-05-15', N'TP.HCM', 'K21HTTT', 'lmc', CONVERT(VARBINARY, 'pass123')),
('SV02', N'Phạm Thu D', '2003-08-20', N'Đồng Nai', 'K21HTTT', 'ptd', CONVERT(VARBINARY, 'pass456')),
('SV03', N'Võ Tấn E', '2003-12-10', N'Bình Dương', 'K21KHMT', 'vte', CONVERT(VARBINARY, 'pass789'));
GO

-- 4. Sample Data HOCPHAN
INSERT INTO HOCPHAN (MAHP, TENHP, SOTC)
VALUES
('HP01', N'An toàn cơ sở dữ liệu', 4),
('HP02', N'Hệ điều hành', 4),
('HP03', N'Lập trình Java', 3);
GO

-- 5. Sample Data BANGDIEM
INSERT INTO BANGDIEM (MASV, MAHP, DIEMTHI)
VALUES
('SV01', 'HP01', CONVERT(VARBINARY, '8.5')),
('SV01', 'HP02', CONVERT(VARBINARY, '9.0')),
('SV02', 'HP01', CONVERT(VARBINARY, '7.0')),
('SV03', 'HP03', CONVERT(VARBINARY, '8.0'));
GO

-- Tạo và cấp quyền user để sử dụng trong ứng dụng Python --
use master
go
create login qlsv with password = '123'

use QLSVNhom
go
create user qlsv for login qlsv
alter role db_owner add member qlsv
